{"stats":{"minecraft:used":{"minecraft:sand":8},"minecraft:custom":{"minecraft:jump":64,"minecraft:time_since_rest":14988,"minecraft:damage_dealt":30,"minecraft:play_time":14988,"minecraft:leave_game":3,"minecraft:sprint_one_cm":1668,"minecraft:damage_taken":10,"minecraft:time_since_death":14988,"minecraft:walk_one_cm":38009,"minecraft:total_world_time":14988,"minecraft:fall_one_cm":2926,"minecraft:fly_one_cm":7222},"minecraft:picked_up":{"minecraft:sand":8},"minecraft:mined":{"minecraft:sand":8}},"DataVersion":4082}